Workbook
Name 가입나이: 입력!$B$4
Name 감마: 입력!$B$13
Name 납입기간: 입력!$B$5
Name 납입주기: 입력!$B$6
Name 베타G: 입력!$B$11
Name 베타S: 입력!$B$10
Name 베타후: 입력!$B$12
Name 보험기간: 입력!$B$7
Name 알파P: 입력!$B$9
Name 알파S: 입력!$B$8
Name 이율: 입력!$B$2
Name 현가율: 입력!$B$3

Sheet 설명
A1: 종신보험(암진단 포함) — 산출방법서 식 엑셀 검산
A3: 계약 한 점: 남 40세 · 보험료 납입기간 20년 · 월납(k=12) · 보험기간은 담보 만기(종신 110세)
A4: 담보: 사망·80% 이상 장해(사망형, 1억원, 110세) · 암 진단(진단형, 사망보험금의 50% = 5천만원, 100세, 90일 면책 → 첫해 급부 × (1 − 3/12))
A5: 납입면제: 80% 이상 장해 · 암 진단 시 이후 보험료 면제. 사망은 계약 소멸(탈퇴). 납입면제 사유가 그 담보의 탈퇴 사유이기도 하면 다시 빼지 않는다
A6: 사망·80% 이상 장해: 탈퇴 = 사망 + 장해, 납입면제 f = 암 발생 / 암 진단: 탈퇴 = 사망 + 암 발생, 납입면제 f = 80% 이상 장해
A8: 시트
A9: 입력 기초율·사업비·계약 (노란 칸을 바꾸면 모든 시트가 다시 계산된다)
A10: 위험률 연령 × 위험률 (계약 성별 — 공개 기본 위험률: 사망률 · 80% 이상 장해율 · 암발생률)
A11: 기수_* 담보마다 계산기수와 연말 책임준비금 V — 모두 수식. 초록 열 = 앱(자유설계보험) 값, 그 옆 = 차이
A12: 보험료 담보별 보험료와 앱 값의 차이 — 차이가 0 이면 산출방법서 식 = 앱 계산
A14: 식 (산출방법서 3~5절과 같다)
A15: 탈퇴율 Q = q + r − q·r/2 , l_{t+1} = l_t·(1 − Q) , l′_{t+1} = l′_t·(1 − Q − f + Q·f/2)
... A21: 행 수는 이 계약(40세)에 맞춰져 있다 — 가입나이를 바꾸려면 앱에서 다시 만든다(python scripts/make-verify-xlsx.py).

Sheet 보험료
A1: 담보 | B1: n | C1: m | D1: PVB | E1: N* | F1: P | G1: P_base | H1: G (1원당) | I1: 10만원당 G (엑셀) | J1: 10만원당 G (앱) | K1: 차이 | L1: 월보험료 (엑셀) | M1: 월보험료 (앱) | N1: 차이 | O1: 준비금 차이(최대)
A2: =기수_사망장해!B1 -> 사망·80% 이상 장해 | B2: =기수_사망장해!B4 -> 71 | C2: =기수_사망장해!B5 -> 20 | D2: =기수_사망장해!E2 -> 37028.186 | E2: =기수_사망장해!E3 -> 18044822 | F2: =기수_사망장해!E4 -> 0.0020520118 | G2: =기수_사망장해!E5 -> 0.024273737 | H2: =기수_사망장해!E10 -> 0.0026064733 | I2: =기수_사망장해!E11 -> 261 | J2: 261 | K2: =I2-J2 -> 0 | L2: =기수_사망장해!E12 -> 261000 | M2: 261000 | N2: =L2-M2 -> 0 | O2: =MAX(MAX(기수_사망장해!R16:R87),-MIN(기수_사망장해!R16:R87)) -> 0
A3: =기수_암진단!B1 -> 암 진단 | B3: =기수_암진단!B4 -> 61 | C3: =기수_암진단!B5 -> 20 | D3: =기수_암진단!E2 -> 21792.989 | E3: =기수_암진단!E3 -> 18044822 | F3: =기수_암진단!E4 -> 0.0012077143 | G3: =기수_암진단!E5 -> 0.014286341 | H3: =기수_암진단!E10 -> 0.0016246051 | I3: =기수_암진단!E11 -> 162 | J3: 162 | K3: =I3-J3 -> 0 | L3: =기수_암진단!E12 -> 81000 | M3: 81000 | N3: =L3-M3 -> 0 | O3: =MAX(MAX(기수_암진단!R16:R77),-MIN(기수_암진단!R16:R77)) -> 0
A4: 합계 | I4: =SUM(I2:I3) -> 423 | J4: =SUM(J2:J3) -> 423 | K4: =I4-J4 -> 0 | L4: =SUM(L2:L3) -> 342000 | M4: 342000 | N4: =L4-M4 -> 0 | O4: =MAX(O2:O3) -> 0
A6: 차이 열이 모두 0 이면 산출방법서의 식을 엑셀 수식으로 계산한 보험료·준비금이 자유설계보험의 계산과 같다. (기수_* 시트의 R열 = 연도별 준비금 차이)

Sheet 입력
A1: 항목 | B1: 값 | C1: 이름(수식에서) | D1: 비고
A2: 적용이율 i | B2: 0.025 | C2: 이율 | D2: 예정이율
A3: 현가율 v | B3: =1/(1+이율) -> 0.97560976 | C3: 현가율 | D3: =1/(1+i) -> #NAME?
A4: 가입나이 x | B4: 40 | C4: 가입나이 | D4: 남
A5: 보험료 납입기간 m | B5: 20 | C5: 납입기간 | D5: 년
A6: 납입주기별 계수 k | B6: 12 | C6: 납입주기 | D6: 월납 12
A7: 보험기간(계약) | B7: =MAX(기수_사망장해!B3,기수_암진단!B3)+1-가입나이 -> 71 | C7: 보험기간 | D7: 담보 만기 중 가장 늦은 것
A8: α_S 신계약비(가입금액) | B8: 0.01 | C8: 알파S | D8: 보험가입금액 비례
A9: α_P 신계약비(기준연납순보험료 배수) | B9: 1 | C9: 알파P | D9: 보장기간 20년 미만이면 × n/20
A10: β_S 유지비(납입중) | B10: 0.0015 | C10: 베타S | D10: 매년 보험가입금액 — 1회 납입당 β_S/k
A11: β_G 유지비(영업보험료) | B11: 0.045 | C11: 베타G
A12: β′ 납입후 유지비 | B12: 0.001 | C12: 베타후 | D12: 매년 보험가입금액
A13: γ 수금비 | B13: 0.025 | C13: 감마 | D13: 영업보험료

Sheet 위험률
A1: 연령 | B1: 사망률 (남) | C1: 80% 이상 장해율 (남) | D1: 암발생률 (남)
A2: 0 | B2: 0.00293 | C2: 3.1e-05 | D2: 0.000256
A3: 1 | B3: 0.00155 | C3: 3e-05 | D3: 0.000224
A4: 2 | B4: 0.00092 | C4: 3e-05 | D4: 0.000197
A5: 3 | B5: 0.00045 | C5: 2.9e-05 | D5: 0.000177
A6: 4 | B6: 0.00017 | C6: 2.9e-05 | D6: 0.000166
A7: 5 | B7: 6e-05 | C7: 2.9e-05 | D7: 0.000162
A8: 6 | B8: 6e-05 | C8: 2.8e-05 | D8: 0.000165
A9: 7 | B9: 9e-05 | C9: 2.7e-05 | D9: 0.000173
A10: 8 | B10: 9e-05 | C10: 2.5e-05 | D10: 0.000186
A11: 9 | B11: 9e-05 | C11: 2.4e-05 | D11: 0.000204
A12: 10 | B12: 8e-05 | C12: 2.2e-05 | D12: 0.000225
A13: 11 | B13: 9e-05 | C13: 2.1e-05 | D13: 0.000244
... A112: 110 | B112: 1 | C112: 0.011528 | D112: 0.040475

Sheet 기수_사망장해
A1: 담보 | B1: 사망·80% 이상 장해 | D1: 항목 | E1: 엑셀(수식) | F1: 앱(자유설계보험) | G1: 차이
A2: 보장금액 | B2: 100000000 | D2: PVB = Σ S·C | E2: =SUMPRODUCT($L$16:$L$86,$K$16:$K$86) -> 37028.186 | F2: 37028.186 | G2: =E2-F2 -> 0
A3: 보장 종료 나이 | B3: 110 | D3: N* (연납 환산 납입기수) | E3: =납입주기*(($N$16-INDEX($N$16:$N$87,B5+1))-(납입주기-1)/(2*납입주기)*($J$16-INDEX($J$16:$J$87,B5+1))) -> 18044822 | F3: 18044822 | G3: =E3-F3 -> 0
A4: 보장기간 n | B4: =MIN(보험기간,B3+1-가입나이) -> 71 | D4: P = PVB/N* | E4: =E2/E3 -> 0.0020520118 | F4: 0.0020520118 | G4: =E4-F4 -> 0
A5: 납입기간 m | B5: =MIN(납입기간,B4) -> 20 | D5: P_base (기준연납순보험료) | E5: =E2/($N$16-INDEX($N$16:$N$87,MIN(B4,20)+1)) -> 0.024273737 | F5: 0.024273737 | G5: =E5-F5 -> 0
A6: 면책(개월) | B6: 0 | D6: α_P 적용 = α_P·min(n,20)/20 | E6: =알파P*MIN(B4,20)/20 -> 1
A7: 첫해 급부 배율 | B7: =MAX(0,1-B6/12) -> 1 | D7: 신계약비 부가 (α_S+α_P·P_base)·D′x/N* | E7: =(알파S+E6*E5)*$J$16/E3 -> 0.00018993669
A8: 탈퇴 사유 | B8: 사망 + 80% 이상 장해율 | D8: β_S 부가 = β_S/k | E8: =베타S/납입주기 -> 0.000125
A9: 납입면제 f | B9: 암발생률 | D9: β′ 부가 = β′·(N_m − N_n)/N* | E9: =베타후*(INDEX($M$16:$M$87,B5+1)-$M$87)/E3 -> 5.707175e-05
A10: 급부 g | B10: 탈퇴 전부 (사망형 — g = Q) | D10: G (영업보험료, 1원당) | E10: =(E4+E7+E8+E9)/(1-베타G-감마) -> 0.0026064733 | F10: 0.0026064733 | G10: =E10-F10 -> 0
D11: 10만원당 G (반올림) | E11: =ROUND(E10*100000,0) -> 261 | F11: 261 | G11: =E11-F11 -> 0
D12: 월보험료 = 10만원당 G × 보장금액/10만 | E12: =E11*B2/100000 -> 261000 | F12: 261000 | G12: =E12-F12 -> 0
D13: P_β (준비금용 순보험료) | E13: =(E2+베타후*(INDEX($M$16:$M$87,B5+1)-$M$87))/($N$16-INDEX($N$16:$N$87,B5+1)) -> 0.024948852 | F13: 0.024948852 | G13: =E13-F13 -> 0
A15: t | B15: 나이 | C15: q 사망률 | D15: 탈퇴2 80% 이상 장해율 | E15: f 암발생률 | F15: Q 탈퇴율 | G15: l 유지자수 | H15: l′ 납입자수 | I15: D | J15: D′ | K15: C | L15: S | M15: N | N15: N′ | O15: V (1원당) | P15: V 10만원당 | Q15: 앱 V 10만원당 | R15: 차이
A16: 0 | B16: =가입나이+A16 -> 40 | C16: =INDEX(위험률!$B:$B,B16+2) -> 0.00086 | D16: =INDEX(위험률!$C:$C,B16+2) -> 0.000147 | E16: =INDEX(위험률!$D:$D,B16+2) -> 0.00257 | F16: =MIN(1,C16+D16-C16*D16/2) -> 0.0010069368 | G16: 100000 | H16: 100000 | I16: =G16*현가율^A16 -> 100000 | J16: =H16*현가율^A16 -> 100000 | K16: =G16*F16*현가율^(A16+0.5) -> 99.458127 | L16: =IF(A16=0,$B$7,1) -> 1 | M16: =SUM(I16:$I$87) -> 2600472.8 | N16: =SUM(J16:$J$87) -> 2300538.3 | O16: =IF(I16<=0,0,(IF(A16<$B$4,SUMPRODUCT(L16:$L$86,K16:$K$86),0)+베타후*(INDEX($M$16:$M$87,MAX(A16,$B$5)+1)-$M$87)-IF(A16<=$B$5,$E$13*(N16-INDEX($N$16:$N$87,$B$5+1)),0))/I16) -> 0 | P16: =ROUND(O16*100000,0) -> 0 | Q16: 0 | R16: =P16-Q16 -> 0
A17: 1 | B17: =가입나이+A17 -> 41 | C17: =INDEX(위험률!$B:$B,B17+2) -> 0.00094 | D17: =INDEX(위험률!$C:$C,B17+2) -> 0.000159 | E17: =INDEX(위험률!$D:$D,B17+2) -> 0.002702 | F17: =MIN(1,C17+D17-C17*D17/2) -> 0.0010989253 | G17: =G16*MAX(0,1-F16) -> 99899.306 | H17: =H16*MAX(0,1-F16-E16+F16*E16/2) -> 99642.436 | I17: =G17*현가율^A17 -> 97462.738 | J17: =H17*현가율^A17 -> 97212.132 | K17: =G17*F17*현가율^(A17+0.5) -> 105.79005 | L17: =IF(A17=0,$B$7,1) -> 1 | M17: =SUM(I17:$I$87) -> 2500472.8 | N17: =SUM(J17:$J$87) -> 2200538.3 | O17: =IF(I17<=0,0,(IF(A17<$B$4,SUMPRODUCT(L17:$L$86,K17:$K$86),0)+베타후*(INDEX($M$16:$M$87,MAX(A17,$B$5)+1)-$M$87)-IF(A17<=$B$5,$E$13*(N17-INDEX($N$16:$N$87,$B$5+1)),0))/I17) -> 0.024577876 | P17: =ROUND(O17*100000,0) -> 2458 | Q17: 2458 | R17: =P17-Q17 -> 0
A18: 2 | B18: =가입나이+A18 -> 42 | C18: =INDEX(위험률!$B:$B,B18+2) -> 0.00105 | D18: =INDEX(위험률!$C:$C,B18+2) -> 0.000171 | E18: =INDEX(위험률!$D:$D,B18+2) -> 0.002822 | F18: =MIN(1,C18+D18-C18*D18/2) -> 0.0012209102 | G18: =G17*MAX(0,1-F17) -> 99789.524 | H18: =H17*MAX(0,1-F17-E17+F17*E17/2) -> 99263.85 | I18: =G18*현가율^A18 -> 94981.106 | J18: =H18*현가율^A18 -> 94480.762 | K18: =G18*F18*현가율^(A18+0.5) -> 114.54049 | L18: =IF(A18=0,$B$7,1) -> 1 | M18: =SUM(I18:$I$87) -> 2403010 | N18: =SUM(J18:$J$87) -> 2103326.2 | O18: =IF(I18<=0,0,(IF(A18<$B$4,SUMPRODUCT(L18:$L$86,K18:$K$86),0)+베타후*(INDEX($M$16:$M$87,MAX(A18,$B$5)+1)-$M$87)-IF(A18<=$B$5,$E$13*(N18-INDEX($N$16:$N$87,$B$5+1)),0))/I18) -> 0.049641117 | P18: =ROUND(O18*100000,0) -> 4964 | Q18: 4964 | R18: =P18-Q18 -> 0
A19: 3 | B19: =가입나이+A19 -> 43 | C19: =INDEX(위험률!$B:$B,B19+2) -> 0.00118 | D19: =INDEX(위험률!$C:$C,B19+2) -> 0.000186 | E19: =INDEX(위험률!$D:$D,B19+2) -> 0.002923 | F19: =MIN(1,C19+D19-C19*D19/2) -> 0.0013658903 | G19: =G18*MAX(0,1-F18) -> 99667.69 | H19: =H18*MAX(0,1-F18-E18+F18*E18/2) -> 98862.706 | I19: =G19*현가율^A19 -> 92551.359 | J19: =H19*현가율^A19 -> 91803.851 | K19: =G19*F19*현가율^(A19+0.5) -> 124.86384 | L19: =IF(A19=0,$B$7,1) -> 1 | M19: =SUM(I19:$I$87) -> 2308028.9 | N19: =SUM(J19:$J$87) -> 2008845.4 | O19: =IF(I19<=0,0,(IF(A19<$B$4,SUMPRODUCT(L19:$L$86,K19:$K$86),0)+베타후*(INDEX($M$16:$M$87,MAX(A19,$B$5)+1)-$M$87)-IF(A19<=$B$5,$E$13*(N19-INDEX($N$16:$N$87,$B$5+1)),0))/I19) -> 0.075175711 | P19: =ROUND(O19*100000,0) -> 7518 | Q19: 7518 | R19: =P19-Q19 -> 0
A20: 4 | B20: =가입나이+A20 -> 44 | C20: =INDEX(위험률!$B:$B,B20+2) -> 0.00134 | D20: =INDEX(위험률!$C:$C,B20+2) -> 0.000204 | E20: =INDEX(위험률!$D:$D,B20+2) -> 0.003008 | F20: =MIN(1,C20+D20-C20*D20/2) -> 0.0015438633 | G20: =G19*MAX(0,1-F19) -> 99531.555 | H20: =H19*MAX(0,1-F19-E19+F19*E19/2) -> 98438.892 | I20: =G20*현가율^A20 -> 90170.677 | J20: =H20*현가율^A20 -> 89180.778 | K20: =G20*F20*현가율^(A20+0.5) -> 137.50302 | L20: =IF(A20=0,$B$7,1) -> 1 | M20: =SUM(I20:$I$87) -> 2215477.6 | N20: =SUM(J20:$J$87) -> 1917041.6 | O20: =IF(I20<=0,0,(IF(A20<$B$4,SUMPRODUCT(L20:$L$86,K20:$K$86),0)+베타후*(INDEX($M$16:$M$87,MAX(A20,$B$5)+1)-$M$87)-IF(A20<=$B$5,$E$13*(N20-INDEX($N$16:$N$87,$B$5+1)),0))/I20) -> 0.10117647 | P20: =ROUND(O20*100000,0) -> 10118 | Q20: 10118 | R20: =P20-Q20 -> 0
A21: 5 | B21: =가입나이+A21 -> 45 | C21: =INDEX(위험률!$B:$B,B21+2) -> 0.00152 | D21: =INDEX(위험률!$C:$C,B21+2) -> 0.000229 | E21: =INDEX(위험률!$D:$D,B21+2) -> 0.003091 | F21: =MIN(1,C21+D21-C21*D21/2) -> 0.001748826 | G21: =G20*MAX(0,1-F20) -> 99377.892 | H21: =H20*MAX(0,1-F20-E20+F20*E20/2) -> 97991.041 | I21: =G21*현가율^A21 -> 87835.576 | J21: =H21*현가율^A21 -> 86609.801 | K21: =G21*F21*현가율^(A21+0.5) -> 151.72429 | L21: =IF(A21=0,$B$7,1) -> 1 | M21: =SUM(I21:$I$87) -> 2125306.9 | N21: =SUM(J21:$J$87) -> 1827860.8 | O21: =IF(I21<=0,0,(IF(A21<$B$4,SUMPRODUCT(L21:$L$86,K21:$K$86),0)+베타후*(INDEX($M$16:$M$87,MAX(A21,$B$5)+1)-$M$87)-IF(A21<=$B$5,$E$13*(N21-INDEX($N$16:$N$87,$B$5+1)),0))/I21) -> 0.12763173 | P21: =ROUND(O21*100000,0) -> 12763 | Q21: 12763 | R21: =P21-Q21 -> 0
A22: 6 | B22: =가입나이+A22 -> 46 | C22: =INDEX(위험률!$B:$B,B22+2) -> 0.0017 | D22: =INDEX(위험률!$C:$C,B22+2) -> 0.000259 | E22: =INDEX(위험률!$D:$D,B22+2) -> 0.003196 | F22: =MIN(1,C22+D22-C22*D22/2) -> 0.0019587798 | G22: =G21*MAX(0,1-F21) -> 99204.098 | H22: =H21*MAX(0,1-F21-E21+F21*E21/2) -> 97517.046 | I22: =G22*현가율^A22 -> 85543.382 | J22: =H22*현가율^A22 -> 84088.643 | K22: =G22*F22*현가율^(A22+0.5) -> 165.50462 | L22: =IF(A22=0,$B$7,1) -> 1 | M22: =SUM(I22:$I$87) -> 2037471.3 | N22: =SUM(J22:$J$87) -> 1741251 | O22: =IF(I22<=0,0,(IF(A22<$B$4,SUMPRODUCT(L22:$L$86,K22:$K$86),0)+베타후*(INDEX($M$16:$M$87,MAX(A22,$B$5)+1)-$M$87)-IF(A22<=$B$5,$E$13*(N22-INDEX($N$16:$N$87,$B$5+1)),0))/I22) -> 0.15453793 | P22: =ROUND(O22*100000,0) -> 15454 | Q22: 15454 | R22: =P22-Q22 -> 0
A23: 7 | B23: =가입나이+A23 -> 47 | C23: =INDEX(위험률!$B:$B,B23+2) -> 0.00188 | D23: =INDEX(위험률!$C:$C,B23+2) -> 0.000294 | E23: =INDEX(위험률!$D:$D,B23+2) -> 0.00334 | F23: =MIN(1,C23+D23-C23*D23/2) -> 0.0021737236 | G23: =G22*MAX(0,1-F22) -> 99009.779 | H23: =H22*MAX(0,1-F22-E22+F22*E22/2) -> 97014.672 | I23: =G23*현가율^A23 -> 83293.485 | J23: =H23*현가율^A23 -> 81615.071 | K23: =G23*F23*현가율^(A23+0.5) -> 178.83537 | L23: =IF(A23=0,$B$7,1) -> 1 | M23: =SUM(I23:$I$87) -> 1951927.9 | N23: =SUM(J23:$J$87) -> 1657162.3 | O23: =IF(I23<=0,0,(IF(A23<$B$4,SUMPRODUCT(L23:$L$86,K23:$K$86),0)+베타후*(INDEX($M$16:$M$87,MAX(A23,$B$5)+1)-$M$87)-IF(A23<=$B$5,$E$13*(N23-INDEX($N$16:$N$87,$B$5+1)),0))/I23) -> 0.18191228 | P23: =ROUND(O23*100000,0) -> 18191 | Q23: 18191 | R23: =P23-Q23 -> 0
A24: 8 | B24: =가입나이+A24 -> 48 | C24: =INDEX(위험률!$B:$B,B24+2) -> 0.00206 | D24: =INDEX(위험률!$C:$C,B24+2) -> 0.000329 | E24: =INDEX(위험률!$D:$D,B24+2) -> 0.003524 | F24: =MIN(1,C24+D24-C24*D24/2) -> 0.0023886611 | G24: =G23*MAX(0,1-F23) -> 98794.559 | H24: =H23*MAX(0,1-F23-E23+F23*E23/2) -> 96480.112 | I24: =G24*현가율^A24 -> 81085.295 | J24: =H24*현가율^A24 -> 79185.721 | K24: =G24*F24*현가율^(A24+0.5) -> 191.3087 | L24: =IF(A24=0,$B$7,1) -> 1 | M24: =SUM(I24:$I$87) -> 1868634.4 | N24: =SUM(J24:$J$87) -> 1575547.3 | O24: =IF(I24<=0,0,(IF(A24<$B$4,SUMPRODUCT(L24:$L$86,K24:$K$86),0)+베타후*(INDEX($M$16:$M$87,MAX(A24,$B$5)+1)-$M$87)-IF(A24<=$B$5,$E$13*(N24-INDEX($N$16:$N$87,$B$5+1)),0))/I24) -> 0.20977262 | P24: =ROUND(O24*100000,0) -> 20977 | Q24: 20977 | R24: =P24-Q24 -> 0
A25: 9 | B25: =가입나이+A25 -> 49 | C25: =INDEX(위험률!$B:$B,B25+2) -> 0.00225 | D25: =INDEX(위험률!$C:$C,B25+2) -> 0.000367 | E25: =INDEX(위험률!$D:$D,B25+2) -> 0.003741 | F25: =MIN(1,C25+D25-C25*D25/2) -> 0.0026165871 | G25: =G24*MAX(0,1-F24) -> 98558.572 | H25: =H24*MAX(0,1-F24-E24+F24*E24/2) -> 95910.064 | I25: =G25*현가율^A25 -> 78918.644 | J25: =H25*현가율^A25 -> 76797.909 | K25: =G25*F25*현가율^(A25+0.5) -> 203.9637 | L25: =IF(A25=0,$B$7,1) -> 1 | M25: =SUM(I25:$I$87) -> 1787549.1 | N25: =SUM(J25:$J$87) -> 1496361.6 | O25: =IF(I25<=0,0,(IF(A25<$B$4,SUMPRODUCT(L25:$L$86,K25:$K$86),0)+베타후*(INDEX($M$16:$M$87,MAX(A25,$B$5)+1)-$M$87)-IF(A25<=$B$5,$E$13*(N25-INDEX($N$16:$N$87,$B$5+1)),0))/I25) -> 0.23814092 | P25: =ROUND(O25*100000,0) -> 23814 | Q25: 23814 | R25: =P25-Q25 -> 0
A26: 10 | B26: =가입나이+A26 -> 50 | C26: =INDEX(위험률!$B:$B,B26+2) -> 0.00244 | D26: =INDEX(위험률!$C:$C,B26+2) -> 0.00026 | E26: =INDEX(위험률!$D:$D,B26+2) -> 0.003988 | F26: =MIN(1,C26+D26-C26*D26/2) -> 0.0026996828 | G26: =G25*MAX(0,1-F25) -> 98300.685 | H26: =H25*MAX(0,1-F25-E25+F25*E25/2) -> 95300.777 | I26: =G26*현가율^A26 -> 76792.338 | J26: =H26*현가율^A26 -> 74448.815 | K26: =G26*F26*현가율^(A26+0.5) -> 204.77112 | L26: =IF(A26=0,$B$7,1) -> 1 | M26: =SUM(I26:$I$87) -> 1708630.5 | N26: =SUM(J26:$J$87) -> 1419563.6 | O26: =IF(I26<=0,0,(IF(A26<$B$4,SUMPRODUCT(L26:$L$86,K26:$K$86),0)+베타후*(INDEX($M$16:$M$87,MAX(A26,$B$5)+1)-$M$87)-IF(A26<=$B$5,$E$13*(N26-INDEX($N$16:$N$87,$B$5+1)),0))/I26) -> 0.26702943 | P26: =ROUND(O26*100000,0) -> 26703 | Q26: 26703 | R26: =P26-Q26 -> 0
A27: 11 | B27: =가입나이+A27 -> 51 | C27: =INDEX(위험률!$B:$B,B27+2) -> 0.00265 | D27: =INDEX(위험률!$C:$C,B27+2) -> 0.000281 | E27: =INDEX(위험률!$D:$D,B27+2) -> 0.004268 | F27: =MIN(1,C27+D27-C27*D27/2) -> 0.0029306277 | G27: =G26*MAX(0,1-F26) -> 98035.304 | H27: =H26*MAX(0,1-F26-E26+F26*E26/2) -> 94663.949 | I27: =G27*현가율^A27 -> 74717.096 | J27: =H27*현가율^A27 -> 72147.635 | K27: =G27*F27*현가율^(A27+0.5) -> 216.28116 | L27: =IF(A27=0,$B$7,1) -> 1 | M27: =SUM(I27:$I$87) -> 1631838.2 | N27: =SUM(J27:$J$87) -> 1345114.8 | O27: =IF(I27<=0,0,(IF(A27<$B$4,SUMPRODUCT(L27:$L$86,K27:$K$86),0)+베타후*(INDEX($M$16:$M$87,MAX(A27,$B$5)+1)-$M$87)-IF(A27<=$B$5,$E$13*(N27-INDEX($N$16:$N$87,$B$5+1)),0))/I27) -> 0.29656474 | P27: =ROUND(O27*100000,0) -> 29656 | Q27: 29656 | R27: =P27-Q27 -> 0
A28: 12 | B28: =가입나이+A28 -> 52 | C28: =INDEX(위험률!$B:$B,B28+2) -> 0.0029 | D28: =INDEX(위험률!$C:$C,B28+2) -> 0.000302 | E28: =INDEX(위험률!$D:$D,B28+2) -> 0.004591 | F28: =MIN(1,C28+D28-C28*D28/2) -> 0.0032015621 | G28: =G27*MAX(0,1-F27) -> 97747.999 | H28: =H27*MAX(0,1-F27-E27+F27*E27/2) -> 93983.09 | I28: =G28*현가율^A28 -> 72681.1 | J28: =H28*현가율^A28 -> 69881.68 | K28: =G28*F28*현가율^(A28+0.5) -> 229.83782 | L28: =IF(A28=0,$B$7,1) -> 1 | M28: =SUM(I28:$I$87) -> 1557121.1 | N28: =SUM(J28:$J$87) -> 1272967.2 | O28: =IF(I28<=0,0,(IF(A28<$B$4,SUMPRODUCT(L28:$L$86,K28:$K$86),0)+베타후*(INDEX($M$16:$M$87,MAX(A28,$B$5)+1)-$M$87)-IF(A28<=$B$5,$E$13*(N28-INDEX($N$16:$N$87,$B$5+1)),0))/I28) -> 0.3266623 | P28: =ROUND(O28*100000,0) -> 32666 | Q28: 32666 | R28: =P28-Q28 -> 0
... A86: 70 | B86: =가입나이+A86 -> 110 | C86: =INDEX(위험률!$B:$B,B86+2) -> 1 | D86: =INDEX(위험률!$C:$C,B86+2) -> 0.011528 | E86: =INDEX(위험률!$D:$D,B86+2) -> 0.040475 | F86: =MIN(1,C86+D86-C86*D86/2) -> 1 | G86: =G85*MAX(0,1-F85) -> 0.15284414 | H86: =H85*MAX(0,1-F85-E85+F85*E85/2) -> 0.01595236 | I86: =G86*현가율^A86 -> 0.027138023 | J86: =H86*현가율^A86 -> 0.0028323986 | K86: =G86*F86*현가율^(A86+0.5) -> 0.026805028 | L86: =IF(A86=0,$B$7,1) -> 1 | M86: =SUM(I86:$I$87) -> 0.027138023 | N86: =SUM(J86:$J$87) -> 0.0028323986 | O86: =IF(I86<=0,0,(IF(A86<$B$4,SUMPRODUCT(L86:$L$86,K86:$K$86),0)+베타후*(INDEX($M$16:$M$87,MAX(A86,$B$5)+1)-$M$87)-IF(A86<=$B$5,$E$13*(N86-INDEX($N$16:$N$87,$B$5+1)),0))/I86) -> 0.9887296 | P86: =ROUND(O86*100000,0) -> 98873 | Q86: 98873 | R86: =P86-Q86 -> 0
A87: 71 | B87: =가입나이+A87 -> 111 | C87: =INDEX(위험률!$B:$B,B87+2) -> 0 | D87: =INDEX(위험률!$C:$C,B87+2) -> 0 | E87: =INDEX(위험률!$D:$D,B87+2) -> 0 | F87: =MIN(1,C87+D87-C87*D87/2) -> 0 | G87: =G86*MAX(0,1-F86) -> 0 | H87: =H86*MAX(0,1-F86-E86+F86*E86/2) -> 0 | I87: =G87*현가율^A87 -> 0 | J87: =H87*현가율^A87 -> 0 | K87: =G87*F87*현가율^(A87+0.5) -> 0 | L87: =IF(A87=0,$B$7,1) -> 1 | M87: =SUM(I87:$I$87) -> 0 | N87: =SUM(J87:$J$87) -> 0 | O87: =IF(I87<=0,0,(IF(A87<$B$4,SUMPRODUCT(L$86:$L87,K$86:$K87),0)+베타후*(INDEX($M$16:$M$87,MAX(A87,$B$5)+1)-$M$87)-IF(A87<=$B$5,$E$13*(N87-INDEX($N$16:$N$87,$B$5+1)),0))/I87) -> 0 | P87: =ROUND(O87*100000,0) -> 0 | Q87: 0 | R87: =P87-Q87 -> 0

Sheet 기수_암진단
A1: 담보 | B1: 암 진단 | D1: 항목 | E1: 엑셀(수식) | F1: 앱(자유설계보험) | G1: 차이
A2: 보장금액 | B2: 50000000 | D2: PVB = Σ S·C | E2: =SUMPRODUCT($L$16:$L$76,$K$16:$K$76) -> 21792.989 | F2: 21792.989 | G2: =E2-F2 -> 0
A3: 보장 종료 나이 | B3: 100 | D3: N* (연납 환산 납입기수) | E3: =납입주기*(($N$16-INDEX($N$16:$N$77,B5+1))-(납입주기-1)/(2*납입주기)*($J$16-INDEX($J$16:$J$77,B5+1))) -> 18044822 | F3: 18044822 | G3: =E3-F3 -> 0
A4: 보장기간 n | B4: =MIN(보험기간,B3+1-가입나이) -> 61 | D4: P = PVB/N* | E4: =E2/E3 -> 0.0012077143 | F4: 0.0012077143 | G4: =E4-F4 -> 0
A5: 납입기간 m | B5: =MIN(납입기간,B4) -> 20 | D5: P_base (기준연납순보험료) | E5: =E2/($N$16-INDEX($N$16:$N$77,MIN(B4,20)+1)) -> 0.014286341 | F5: 0.014286341 | G5: =E5-F5 -> 0
A6: 면책(개월) | B6: 3 | D6: α_P 적용 = α_P·min(n,20)/20 | E6: =알파P*MIN(B4,20)/20 -> 1
A7: 첫해 급부 배율 | B7: =MAX(0,1-B6/12) -> 0.75 | D7: 신계약비 부가 (α_S+α_P·P_base)·D′x/N* | E7: =(알파S+E6*E5)*$J$16/E3 -> 0.00013458898
A8: 탈퇴 사유 | B8: 사망 + 암발생률 | D8: β_S 부가 = β_S/k | E8: =베타S/납입주기 -> 0.000125
A9: 납입면제 f | B9: 80% 이상 장해율 | D9: β′ 부가 = β′·(N_m − N_n)/N* | E9: =베타후*(INDEX($M$16:$M$77,B5+1)-$M$77)/E3 -> 4.3579504e-05
A10: 급부 g | B10: 암발생률 (진단형) | D10: G (영업보험료, 1원당) | E10: =(E4+E7+E8+E9)/(1-베타G-감마) -> 0.0016246051 | F10: 0.0016246051 | G10: =E10-F10 -> 0
D11: 10만원당 G (반올림) | E11: =ROUND(E10*100000,0) -> 162 | F11: 162 | G11: =E11-F11 -> 0
D12: 월보험료 = 10만원당 G × 보장금액/10만 | E12: =E11*B2/100000 -> 81000 | F12: 81000 | G12: =E12-F12 -> 0
D13: P_β (준비금용 순보험료) | E13: =(E2+베타후*(INDEX($M$16:$M$77,B5+1)-$M$77))/($N$16-INDEX($N$16:$N$77,B5+1)) -> 0.014801853 | F13: 0.014801853 | G13: =E13-F13 -> 0
A15: t | B15: 나이 | C15: q 사망률 | D15: 탈퇴2 암발생률 | E15: f 80% 이상 장해율 | F15: Q 탈퇴율 | G15: l 유지자수 | H15: l′ 납입자수 | I15: D | J15: D′ | K15: C | L15: S | M15: N | N15: N′ | O15: V (1원당) | P15: V 10만원당 | Q15: 앱 V 10만원당 | R15: 차이
A16: 0 | B16: =가입나이+A16 -> 40 | C16: =INDEX(위험률!$B:$B,B16+2) -> 0.00086 | D16: =INDEX(위험률!$D:$D,B16+2) -> 0.00257 | E16: =INDEX(위험률!$C:$C,B16+2) -> 0.000147 | F16: =MIN(1,C16+D16-C16*D16/2) -> 0.0034288949 | G16: 100000 | H16: 100000 | I16: =G16*현가율^A16 -> 100000 | J16: =H16*현가율^A16 -> 100000 | K16: =G16*D16*현가율^(A16+0.5) -> 253.84651 | L16: =IF(A16=0,$B$7,1) -> 0.75 | M16: =SUM(I16:$I$77) -> 2314987.1 | N16: =SUM(J16:$J$77) -> 2300458 | O16: =IF(I16<=0,0,(IF(A16<$B$4,SUMPRODUCT(L16:$L$76,K16:$K$76),0)+베타후*(INDEX($M$16:$M$77,MAX(A16,$B$5)+1)-$M$77)-IF(A16<=$B$5,$E$13*(N16-INDEX($N$16:$N$77,$B$5+1)),0))/I16) -> 0 | P16: =ROUND(O16*100000,0) -> 0 | Q16: 0 | R16: =P16-Q16 -> 0
A17: 1 | B17: =가입나이+A17 -> 41 | C17: =INDEX(위험률!$B:$B,B17+2) -> 0.00094 | D17: =INDEX(위험률!$D:$D,B17+2) -> 0.002702 | E17: =INDEX(위험률!$C:$C,B17+2) -> 0.000159 | F17: =MIN(1,C17+D17-C17*D17/2) -> 0.0036407301 | G17: =G16*MAX(0,1-F16) -> 99657.111 | H17: =H16*MAX(0,1-F16-E16+F16*E16/2) -> 99642.436 | I17: =G17*현가율^A17 -> 97226.449 | J17: =H17*현가율^A17 -> 97212.132 | K17: =G17*D17*현가율^(A17+0.5) -> 259.48236 | L17: =IF(A17=0,$B$7,1) -> 1 | M17: =SUM(I17:$I$77) -> 2214987.1 | N17: =SUM(J17:$J$77) -> 2200458 | O17: =IF(I17<=0,0,(IF(A17<$B$4,SUMPRODUCT(L17:$L$76,K17:$K$76),0)+베타후*(INDEX($M$16:$M$77,MAX(A17,$B$5)+1)-$M$77)-IF(A17<=$B$5,$E$13*(N17-INDEX($N$16:$N$77,$B$5+1)),0))/I17) -> 0.013265942 | P17: =ROUND(O17*100000,0) -> 1327 | Q17: 1327 | R17: =P17-Q17 -> 0
A18: 2 | B18: =가입나이+A18 -> 42 | C18: =INDEX(위험률!$B:$B,B18+2) -> 0.00105 | D18: =INDEX(위험률!$D:$D,B18+2) -> 0.002822 | E18: =INDEX(위험률!$C:$C,B18+2) -> 0.000171 | F18: =MIN(1,C18+D18-C18*D18/2) -> 0.0038705184 | G18: =G17*MAX(0,1-F17) -> 99294.286 | H18: =H17*MAX(0,1-F17-E17+F17*E17/2) -> 99263.85 | I18: =G18*현가율^A18 -> 94509.731 | J18: =H18*현가율^A18 -> 94480.762 | K18: =G18*D18*현가율^(A18+0.5) -> 263.43386 | L18: =IF(A18=0,$B$7,1) -> 1 | M18: =SUM(I18:$I$77) -> 2117760.6 | N18: =SUM(J18:$J$77) -> 2103245.9 | O18: =IF(I18<=0,0,(IF(A18<$B$4,SUMPRODUCT(L18:$L$76,K18:$K$76),0)+베타후*(INDEX($M$16:$M$77,MAX(A18,$B$5)+1)-$M$77)-IF(A18<=$B$5,$E$13*(N18-INDEX($N$16:$N$77,$B$5+1)),0))/I18) -> 0.02612681 | P18: =ROUND(O18*100000,0) -> 2613 | Q18: 2613 | R18: =P18-Q18 -> 0
A19: 3 | B19: =가입나이+A19 -> 43 | C19: =INDEX(위험률!$B:$B,B19+2) -> 0.00118 | D19: =INDEX(위험률!$D:$D,B19+2) -> 0.002923 | E19: =INDEX(위험률!$C:$C,B19+2) -> 0.000186 | F19: =MIN(1,C19+D19-C19*D19/2) -> 0.0041012754 | G19: =G18*MAX(0,1-F18) -> 98909.966 | H19: =H18*MAX(0,1-F18-E18+F18*E18/2) -> 98862.706 | I19: =G19*현가율^A19 -> 91847.736 | J19: =H19*현가율^A19 -> 91803.851 | K19: =G19*D19*현가율^(A19+0.5) -> 265.17668 | L19: =IF(A19=0,$B$7,1) -> 1 | M19: =SUM(I19:$I$77) -> 2023250.9 | N19: =SUM(J19:$J$77) -> 2008765.1 | O19: =IF(I19<=0,0,(IF(A19<$B$4,SUMPRODUCT(L19:$L$76,K19:$K$76),0)+베타후*(INDEX($M$16:$M$77,MAX(A19,$B$5)+1)-$M$77)-IF(A19<=$B$5,$E$13*(N19-INDEX($N$16:$N$77,$B$5+1)),0))/I19) -> 0.039242059 | P19: =ROUND(O19*100000,0) -> 3924 | Q19: 3924 | R19: =P19-Q19 -> 0
A20: 4 | B20: =가입나이+A20 -> 44 | C20: =INDEX(위험률!$B:$B,B20+2) -> 0.00134 | D20: =INDEX(위험률!$D:$D,B20+2) -> 0.003008 | E20: =INDEX(위험률!$C:$C,B20+2) -> 0.000204 | F20: =MIN(1,C20+D20-C20*D20/2) -> 0.0043459846 | G20: =G19*MAX(0,1-F19) -> 98504.308 | H20: =H19*MAX(0,1-F19-E19+F19*E19/2) -> 98438.892 | I20: =G20*현가율^A20 -> 89240.042 | J20: =H20*현가율^A20 -> 89180.778 | K20: =G20*D20*현가율^(A20+0.5) -> 265.14025 | L20: =IF(A20=0,$B$7,1) -> 1 | M20: =SUM(I20:$I$77) -> 1931403.1 | N20: =SUM(J20:$J$77) -> 1916961.3 | O20: =IF(I20<=0,0,(IF(A20<$B$4,SUMPRODUCT(L20:$L$76,K20:$K$76),0)+베타후*(INDEX($M$16:$M$77,MAX(A20,$B$5)+1)-$M$77)-IF(A20<=$B$5,$E$13*(N20-INDEX($N$16:$N$77,$B$5+1)),0))/I20) -> 0.052644358 | P20: =ROUND(O20*100000,0) -> 5264 | Q20: 5264 | R20: =P20-Q20 -> 0
A21: 5 | B21: =가입나이+A21 -> 45 | C21: =INDEX(위험률!$B:$B,B21+2) -> 0.00152 | D21: =INDEX(위험률!$D:$D,B21+2) -> 0.003091 | E21: =INDEX(위험률!$C:$C,B21+2) -> 0.000229 | F21: =MIN(1,C21+D21-C21*D21/2) -> 0.0046086508 | G21: =G20*MAX(0,1-F20) -> 98076.21 | H21: =H20*MAX(0,1-F20-E20+F20*E20/2) -> 97991.041 | I21: =G21*현가율^A21 -> 86685.079 | J21: =H21*현가율^A21 -> 86609.801 | K21: =G21*D21*현가율^(A21+0.5) -> 264.6558 | L21: =IF(A21=0,$B$7,1) -> 1 | M21: =SUM(I21:$I$77) -> 1842163.1 | N21: =SUM(J21:$J$77) -> 1827780.5 | O21: =IF(I21<=0,0,(IF(A21<$B$4,SUMPRODUCT(L21:$L$76,K21:$K$76),0)+베타후*(INDEX($M$16:$M$77,MAX(A21,$B$5)+1)-$M$77)-IF(A21<=$B$5,$E$13*(N21-INDEX($N$16:$N$77,$B$5+1)),0))/I21) -> 0.066365345 | P21: =ROUND(O21*100000,0) -> 6637 | Q21: 6637 | R21: =P21-Q21 -> 0
A22: 6 | B22: =가입나이+A22 -> 46 | C22: =INDEX(위험률!$B:$B,B22+2) -> 0.0017 | D22: =INDEX(위험률!$D:$D,B22+2) -> 0.003196 | E22: =INDEX(위험률!$C:$C,B22+2) -> 0.000259 | F22: =MIN(1,C22+D22-C22*D22/2) -> 0.0048932834 | G22: =G21*MAX(0,1-F21) -> 97624.211 | H22: =H21*MAX(0,1-F21-E21+F21*E21/2) -> 97517.046 | I22: =G22*현가율^A22 -> 84181.051 | J22: =H22*현가율^A22 -> 84088.643 | K22: =G22*D22*현가율^(A22+0.5) -> 265.74138 | L22: =IF(A22=0,$B$7,1) -> 1 | M22: =SUM(I22:$I$77) -> 1755478 | N22: =SUM(J22:$J$77) -> 1741170.7 | O22: =IF(I22<=0,0,(IF(A22<$B$4,SUMPRODUCT(L22:$L$76,K22:$K$76),0)+베타후*(INDEX($M$16:$M$77,MAX(A22,$B$5)+1)-$M$77)-IF(A22<=$B$5,$E$13*(N22-INDEX($N$16:$N$77,$B$5+1)),0))/I22) -> 0.080424452 | P22: =ROUND(O22*100000,0) -> 8042 | Q22: 8042 | R22: =P22-Q22 -> 0
A23: 7 | B23: =가입나이+A23 -> 47 | C23: =INDEX(위험률!$B:$B,B23+2) -> 0.00188 | D23: =INDEX(위험률!$D:$D,B23+2) -> 0.00334 | E23: =INDEX(위험률!$C:$C,B23+2) -> 0.000294 | F23: =MIN(1,C23+D23-C23*D23/2) -> 0.0052168604 | G23: =G22*MAX(0,1-F22) -> 97146.508 | H23: =H22*MAX(0,1-F22-E22+F22*E22/2) -> 97014.672 | I23: =G23*현가율^A23 -> 81725.98 | J23: =H23*현가율^A23 -> 81615.071 | K23: =G23*D23*현가율^(A23+0.5) -> 269.61539 | L23: =IF(A23=0,$B$7,1) -> 1 | M23: =SUM(I23:$I$77) -> 1671297 | N23: =SUM(J23:$J$77) -> 1657082.1 | O23: =IF(I23<=0,0,(IF(A23<$B$4,SUMPRODUCT(L23:$L$76,K23:$K$76),0)+베타후*(INDEX($M$16:$M$77,MAX(A23,$B$5)+1)-$M$77)-IF(A23<=$B$5,$E$13*(N23-INDEX($N$16:$N$77,$B$5+1)),0))/I23) -> 0.094818579 | P23: =ROUND(O23*100000,0) -> 9482 | Q23: 9482 | R23: =P23-Q23 -> 0
A24: 8 | B24: =가입나이+A24 -> 48 | C24: =INDEX(위험률!$B:$B,B24+2) -> 0.00206 | D24: =INDEX(위험률!$D:$D,B24+2) -> 0.003524 | E24: =INDEX(위험률!$C:$C,B24+2) -> 0.000329 | F24: =MIN(1,C24+D24-C24*D24/2) -> 0.0055803703 | G24: =G23*MAX(0,1-F23) -> 96639.709 | H24: =H23*MAX(0,1-F23-E23+F23*E23/2) -> 96480.112 | I24: =G24*현가율^A24 -> 79316.709 | J24: =H24*현가율^A24 -> 79185.721 | K24: =G24*D24*현가율^(A24+0.5) -> 276.08236 | L24: =IF(A24=0,$B$7,1) -> 1 | M24: =SUM(I24:$I$77) -> 1589571 | N24: =SUM(J24:$J$77) -> 1575467 | O24: =IF(I24<=0,0,(IF(A24<$B$4,SUMPRODUCT(L24:$L$76,K24:$K$76),0)+베타후*(INDEX($M$16:$M$77,MAX(A24,$B$5)+1)-$M$77)-IF(A24<=$B$5,$E$13*(N24-INDEX($N$16:$N$77,$B$5+1)),0))/I24) -> 0.10953027 | P24: =ROUND(O24*100000,0) -> 10953 | Q24: 10953 | R24: =P24-Q24 -> 0
A25: 9 | B25: =가입나이+A25 -> 49 | C25: =INDEX(위험률!$B:$B,B25+2) -> 0.00225 | D25: =INDEX(위험률!$D:$D,B25+2) -> 0.003741 | E25: =INDEX(위험률!$C:$C,B25+2) -> 0.000367 | F25: =MIN(1,C25+D25-C25*D25/2) -> 0.0059867914 | G25: =G24*MAX(0,1-F24) -> 96100.423 | H25: =H24*MAX(0,1-F24-E24+F24*E24/2) -> 95910.064 | I25: =G25*현가율^A25 -> 76950.334 | J25: =H25*현가율^A25 -> 76797.909 | K25: =G25*D25*현가율^(A25+0.5) -> 284.33891 | L25: =IF(A25=0,$B$7,1) -> 1 | M25: =SUM(I25:$I$77) -> 1510254.3 | N25: =SUM(J25:$J$77) -> 1496281.3 | O25: =IF(I25<=0,0,(IF(A25<$B$4,SUMPRODUCT(L25:$L$76,K25:$K$76),0)+베타후*(INDEX($M$16:$M$77,MAX(A25,$B$5)+1)-$M$77)-IF(A25<=$B$5,$E$13*(N25-INDEX($N$16:$N$77,$B$5+1)),0))/I25) -> 0.12454258 | P25: =ROUND(O25*100000,0) -> 12454 | Q25: 12454 | R25: =P25-Q25 -> 0
A26: 10 | B26: =가입나이+A26 -> 50 | C26: =INDEX(위험률!$B:$B,B26+2) -> 0.00244 | D26: =INDEX(위험률!$D:$D,B26+2) -> 0.003988 | E26: =INDEX(위험률!$C:$C,B26+2) -> 0.00026 | F26: =MIN(1,C26+D26-C26*D26/2) -> 0.0064231346 | G26: =G25*MAX(0,1-F25) -> 95525.09 | H26: =H25*MAX(0,1-F25-E25+F25*E25/2) -> 95300.777 | I26: =G26*현가율^A26 -> 74624.048 | J26: =H26*현가율^A26 -> 74448.815 | K26: =G26*D26*현가율^(A26+0.5) -> 293.94902 | L26: =IF(A26=0,$B$7,1) -> 1 | M26: =SUM(I26:$I$77) -> 1433303.9 | N26: =SUM(J26:$J$77) -> 1419483.4 | O26: =IF(I26<=0,0,(IF(A26<$B$4,SUMPRODUCT(L26:$L$76,K26:$K$76),0)+베타후*(INDEX($M$16:$M$77,MAX(A26,$B$5)+1)-$M$77)-IF(A26<=$B$5,$E$13*(N26-INDEX($N$16:$N$77,$B$5+1)),0))/I26) -> 0.13984776 | P26: =ROUND(O26*100000,0) -> 13985 | Q26: 13985 | R26: =P26-Q26 -> 0
A27: 11 | B27: =가입나이+A27 -> 51 | C27: =INDEX(위험률!$B:$B,B27+2) -> 0.00265 | D27: =INDEX(위험률!$D:$D,B27+2) -> 0.004268 | E27: =INDEX(위험률!$C:$C,B27+2) -> 0.000281 | F27: =MIN(1,C27+D27-C27*D27/2) -> 0.0069123449 | G27: =G26*MAX(0,1-F26) -> 94911.52 | H27: =H26*MAX(0,1-F26-E26+F26*E26/2) -> 94663.949 | I27: =G27*현가율^A27 -> 72336.319 | J27: =H27*현가율^A27 -> 72147.635 | K27: =G27*D27*현가율^(A27+0.5) -> 304.94315 | L27: =IF(A27=0,$B$7,1) -> 1 | M27: =SUM(I27:$I$77) -> 1358679.9 | N27: =SUM(J27:$J$77) -> 1345034.5 | O27: =IF(I27<=0,0,(IF(A27<$B$4,SUMPRODUCT(L27:$L$76,K27:$K$76),0)+베타후*(INDEX($M$16:$M$77,MAX(A27,$B$5)+1)-$M$77)-IF(A27<=$B$5,$E$13*(N27-INDEX($N$16:$N$77,$B$5+1)),0))/I27) -> 0.1554411 | P27: =ROUND(O27*100000,0) -> 15544 | Q27: 15544 | R27: =P27-Q27 -> 0
A28: 12 | B28: =가입나이+A28 -> 52 | C28: =INDEX(위험률!$B:$B,B28+2) -> 0.0029 | D28: =INDEX(위험률!$D:$D,B28+2) -> 0.004591 | E28: =INDEX(위험률!$C:$C,B28+2) -> 0.000302 | F28: =MIN(1,C28+D28-C28*D28/2) -> 0.007484343 | G28: =G27*MAX(0,1-F27) -> 94255.458 | H28: =H27*MAX(0,1-F27-E27+F27*E27/2) -> 93983.09 | I28: =G28*현가율^A28 -> 70084.201 | J28: =H28*현가율^A28 -> 69881.68 | K28: =G28*D28*현가율^(A28+0.5) -> 317.80848 | L28: =IF(A28=0,$B$7,1) -> 1 | M28: =SUM(I28:$I$77) -> 1286343.6 | N28: =SUM(J28:$J$77) -> 1272886.9 | O28: =IF(I28<=0,0,(IF(A28<$B$4,SUMPRODUCT(L28:$L$76,K28:$K$76),0)+베타후*(INDEX($M$16:$M$77,MAX(A28,$B$5)+1)-$M$77)-IF(A28<=$B$5,$E$13*(N28-INDEX($N$16:$N$77,$B$5+1)),0))/I28) -> 0.17132267 | P28: =ROUND(O28*100000,0) -> 17132 | Q28: 17132 | R28: =P28-Q28 -> 0
... A76: 60 | B76: =가입나이+A76 -> 100 | C76: =INDEX(위험률!$B:$B,B76+2) -> 0.35547 | D76: =INDEX(위험률!$D:$D,B76+2) -> 0.040475 | E76: =INDEX(위험률!$C:$C,B76+2) -> 0.007205 | F76: =MIN(1,C76+D76-C76*D76/2) -> 0.38875118 | G76: =G75*MAX(0,1-F75) -> 600.06091 | H76: =H75*MAX(0,1-F75-E75+F75*E75/2) -> 535.67769 | I76: =G76*현가율^A76 -> 136.384 | J76: =H76*현가율^A76 -> 121.75075 | K76: =G76*D76*현가율^(A76+0.5) -> 5.4524078 | L76: =IF(A76=0,$B$7,1) -> 1 | M76: =SUM(I76:$I$77) -> 217.71527 | N76: =SUM(J76:$J$77) -> 193.66616 | O76: =IF(I76<=0,0,(IF(A76<$B$4,SUMPRODUCT(L76:$L$76,K76:$K$76),0)+베타후*(INDEX($M$16:$M$77,MAX(A76,$B$5)+1)-$M$77)-IF(A76<=$B$5,$E$13*(N76-INDEX($N$16:$N$77,$B$5+1)),0))/I76) -> 0.040978355 | P76: =ROUND(O76*100000,0) -> 4098 | Q76: 4098 | R76: =P76-Q76 -> 0
A77: 61 | B77: =가입나이+A77 -> 101 | C77: =INDEX(위험률!$B:$B,B77+2) -> 0.38675 | D77: =INDEX(위험률!$D:$D,B77+2) -> 0.040475 | E77: =INDEX(위험률!$C:$C,B77+2) -> 0.007513 | F77: =MIN(1,C77+D77-C77*D77/2) -> 0.41939815 | G77: =G76*MAX(0,1-F76) -> 366.78652 | H77: =H76*MAX(0,1-F76-E76+F76*E76/2) -> 324.323 | I77: =G77*현가율^A77 -> 81.331275 | J77: =H77*현가율^A77 -> 71.915411 | K77: =G77*D77*현가율^(A77+0.5) -> 3.2514906 | L77: =IF(A77=0,$B$7,1) -> 1 | M77: =SUM(I77:$I$77) -> 81.331275 | N77: =SUM(J77:$J$77) -> 71.915411 | O77: =IF(I77<=0,0,(IF(A77<$B$4,SUMPRODUCT(L$76:$L77,K$76:$K77),0)+베타후*(INDEX($M$16:$M$77,MAX(A77,$B$5)+1)-$M$77)-IF(A77<=$B$5,$E$13*(N77-INDEX($N$16:$N$77,$B$5+1)),0))/I77) -> 0 | P77: =ROUND(O77*100000,0) -> 0 | Q77: 0 | R77: =P77-Q77 -> 0
